{"cameraMode":{"drawMode":0,"name":"Shaded","section":"Shading Mode"},"sceneLighting":true,"audioPlay":false,"sceneViewState":{"showFog":true,"showMaterialUpdate":false,"showSkybox":true,"showFlares":true,"showImageEffects":true,"showParticleSystems":true},"in2DMode":false,"pivot":{"x":0.6728357076644898,"y":-0.2621498107910156,"z":-0.30991995334625246},"rotation":{"x":-0.066410131752491,"y":0.9324803352355957,"z":-0.2735077440738678,"w":-0.22641465067863465},"size":2.7152674198150636,"orthographic":false}