{"cameraMode":{"drawMode":0,"name":"Shaded","section":"Shading Mode"},"sceneLighting":true,"audioPlay":false,"sceneViewState":{"showFog":true,"showMaterialUpdate":false,"showSkybox":true,"showFlares":true,"showImageEffects":true,"showParticleSystems":true},"in2DMode":false,"pivot":{"x":1.3355953693389893,"y":2.046809196472168,"z":-0.05249977111816406},"rotation":{"x":-0.11094982922077179,"y":0.04827747493982315,"z":-0.00539608858525753,"w":-0.9926380515098572},"size":8.286805152893067,"orthographic":false}