{"cameraMode":{"drawMode":0,"name":"Shaded","section":"Shading Mode"},"sceneLighting":true,"audioPlay":false,"sceneViewState":{"showFog":true,"showMaterialUpdate":false,"showSkybox":true,"showFlares":true,"showImageEffects":true,"showParticleSystems":true},"in2DMode":false,"pivot":{"x":-31.86157989501953,"y":-15.30512523651123,"z":41.63249206542969},"rotation":{"x":-0.044708963483572009,"y":0.7496827840805054,"z":-0.05091411620378494,"w":-0.6583194732666016},"size":81.71784973144531,"orthographic":false}