{"cameraMode":{"drawMode":0,"name":"Shaded","section":"Shading Mode"},"sceneLighting":false,"audioPlay":false,"sceneViewState":{"showFog":true,"showMaterialUpdate":true,"showSkybox":true,"showFlares":true,"showImageEffects":true,"showParticleSystems":true},"in2DMode":false,"pivot":{"x":0.5,"y":2.421438694000244e-8,"z":0.4999999403953552},"rotation":{"x":0.5331734418869019,"y":0.03296751528978348,"z":-0.020801037549972535,"w":0.8451074361801148},"size":1.9819086790084839,"orthographic":true}