{"cameraMode":{"drawMode":0,"name":"Shaded","section":"Shading Mode"},"sceneLighting":false,"audioPlay":false,"sceneViewState":{"showFog":true,"showMaterialUpdate":true,"showSkybox":true,"showFlares":true,"showImageEffects":true,"showParticleSystems":true},"in2DMode":false,"pivot":{"x":0.0,"y":0.42442208528518679,"z":-0.5990000367164612},"rotation":{"x":0.2083645910024643,"y":-0.6658627986907959,"z":0.20184317231178285,"w":0.6873648166656494},"size":1.8230946063995362,"orthographic":false}