{"cameraMode":{"drawMode":0,"name":"Shaded","section":"Shading Mode"},"sceneLighting":false,"audioPlay":false,"sceneViewState":{"showFog":true,"showMaterialUpdate":true,"showSkybox":true,"showFlares":true,"showImageEffects":true,"showParticleSystems":true},"in2DMode":false,"pivot":{"x":-0.0010880231857299805,"y":0.5080960988998413,"z":0.00038242340087890625},"rotation":{"x":0.20896917581558228,"y":-0.6637976765632629,"z":0.2012171745300293,"w":0.6893593072891235},"size":2.099436044692993,"orthographic":false}