{"cameraMode":{"drawMode":0,"name":"Shaded","section":"Shading Mode"},"sceneLighting":false,"audioPlay":false,"sceneViewState":{"showFog":true,"showMaterialUpdate":true,"showSkybox":true,"showFlares":true,"showImageEffects":true,"showParticleSystems":true},"in2DMode":false,"pivot":{"x":0.8862650394439697,"y":0.339974582195282,"z":0.007618024945259094},"rotation":{"x":0.20896917581558228,"y":-0.6637976765632629,"z":0.2012171745300293,"w":0.6893593072891235},"size":1.5275354385375977,"orthographic":false}