{"cameraMode":{"drawMode":0,"name":"Shaded","section":"Shading Mode"},"sceneLighting":false,"audioPlay":false,"sceneViewState":{"showFog":true,"showMaterialUpdate":true,"showSkybox":true,"showFlares":true,"showImageEffects":true,"showParticleSystems":true},"in2DMode":false,"pivot":{"x":0.0010794997215270997,"y":0.00031450390815734863,"z":0.5971930027008057},"rotation":{"x":0.22719117999076844,"y":-0.4014762043952942,"z":0.1035081297159195,"w":0.8811851143836975},"size":2.337777614593506,"orthographic":false}