{"cameraMode":{"drawMode":0,"name":"Shaded","section":"Shading Mode"},"sceneLighting":false,"audioPlay":false,"sceneViewState":{"showFog":true,"showMaterialUpdate":true,"showSkybox":true,"showFlares":true,"showImageEffects":true,"showParticleSystems":true},"in2DMode":false,"pivot":{"x":1.1286156177520753,"y":1.737707257270813,"z":-0.3621334433555603},"rotation":{"x":0.2083645910024643,"y":-0.6658627986907959,"z":0.20184317231178285,"w":0.6873648166656494},"size":2.337778091430664,"orthographic":false}