{"cameraMode":{"drawMode":0,"name":"Shaded","section":"Shading Mode"},"sceneLighting":false,"audioPlay":false,"sceneViewState":{"showFog":true,"showMaterialUpdate":true,"showSkybox":true,"showFlares":true,"showImageEffects":true,"showParticleSystems":true},"in2DMode":false,"pivot":{"x":-0.6449600458145142,"y":0.7626031637191773,"z":0.021122395992279054},"rotation":{"x":0.20896917581558228,"y":-0.6637976765632629,"z":0.2012171745300293,"w":0.6893593072891235},"size":2.89690899848938,"orthographic":false}