{"cameraMode":{"drawMode":0,"name":"Shaded","section":"Shading Mode"},"sceneLighting":true,"audioPlay":false,"sceneViewState":{"showFog":true,"showMaterialUpdate":true,"showSkybox":true,"showFlares":true,"showImageEffects":true,"showParticleSystems":true},"in2DMode":false,"pivot":{"x":0.3965434432029724,"y":0.035658955574035647,"z":0.511658787727356},"rotation":{"x":0.5331734418869019,"y":0.03296751528978348,"z":-0.020801037549972535,"w":0.8451074361801148},"size":1.4853980541229249,"orthographic":true}