{"cameraMode":{"drawMode":0,"name":"Shaded","section":"Shading Mode"},"sceneLighting":false,"audioPlay":false,"sceneViewState":{"showFog":true,"showMaterialUpdate":true,"showSkybox":true,"showFlares":true,"showImageEffects":true,"showParticleSystems":true},"in2DMode":false,"pivot":{"x":0.5,"y":-3.725290298461914e-9,"z":0.5000001192092896},"rotation":{"x":0.39738506078720095,"y":-0.28778642416000368,"z":0.1327946037054062,"w":0.8611792922019959},"size":3.0953128337860109,"orthographic":false}