{"cameraMode":{"drawMode":0,"name":"Shaded","section":"Shading Mode"},"sceneLighting":false,"audioPlay":false,"sceneViewState":{"showFog":true,"showMaterialUpdate":true,"showSkybox":true,"showFlares":true,"showImageEffects":true,"showParticleSystems":true},"in2DMode":false,"pivot":{"x":0.9343997836112976,"y":-0.2304127812385559,"z":-0.02561328187584877},"rotation":{"x":0.5821760892868042,"y":-0.05114494636654854,"z":0.036729224026203158,"w":0.810620903968811},"size":3.177009105682373,"orthographic":false}