{"cameraMode":{"drawMode":0,"name":"Shaded","section":"Shading Mode"},"sceneLighting":false,"audioPlay":false,"sceneViewState":{"showFog":true,"showMaterialUpdate":true,"showSkybox":true,"showFlares":true,"showImageEffects":true,"showParticleSystems":true},"in2DMode":false,"pivot":{"x":0.002039998769760132,"y":-0.021122515201568605,"z":0.7626029849052429},"rotation":{"x":0.22719117999076844,"y":-0.4014762043952942,"z":0.1035081297159195,"w":0.8811851143836975},"size":2.8969082832336427,"orthographic":false}