{"cameraMode":{"drawMode":0,"name":"Shaded","section":"Shading Mode"},"sceneLighting":false,"audioPlay":false,"sceneViewState":{"showFog":true,"showMaterialUpdate":true,"showSkybox":true,"showFlares":true,"showImageEffects":true,"showParticleSystems":true},"in2DMode":false,"pivot":{"x":1.4355360269546509,"y":0.6774671077728272,"z":-0.0003825724124908447},"rotation":{"x":0.2083645910024643,"y":-0.6658627986907959,"z":0.20184317231178285,"w":0.6873648166656494},"size":2.636504650115967,"orthographic":false}