{"cameraMode":{"drawMode":0,"name":"Shaded","section":"Shading Mode"},"sceneLighting":true,"audioPlay":false,"sceneViewState":{"showFog":true,"showMaterialUpdate":false,"showSkybox":true,"showFlares":true,"showImageEffects":true,"showParticleSystems":true},"in2DMode":false,"pivot":{"x":0.4516444206237793,"y":-0.990699291229248,"z":0.3447294235229492},"rotation":{"x":-0.10708147287368775,"y":0.8877829313278198,"z":-0.2618444263935089,"w":-0.36306002736091616},"size":10.0,"orthographic":false}