{"cameraMode":{"drawMode":0,"name":"Shaded","section":"Shading Mode"},"sceneLighting":true,"audioPlay":false,"sceneViewState":{"showFog":true,"showMaterialUpdate":false,"showSkybox":true,"showFlares":true,"showImageEffects":true,"showParticleSystems":true},"in2DMode":false,"pivot":{"x":1.8349666595458985,"y":-34.722068786621097,"z":-39.8478889465332},"rotation":{"x":0.19807368516921998,"y":-0.720674991607666,"z":0.22886693477630616,"w":0.6237100958824158},"size":22.0,"orthographic":false}