{"cameraMode":{"drawMode":0,"name":"Shaded","section":"Shading Mode"},"sceneLighting":true,"audioPlay":false,"sceneViewState":{"showFog":true,"showMaterialUpdate":false,"showSkybox":true,"showFlares":true,"showImageEffects":true,"showParticleSystems":true},"in2DMode":false,"pivot":{"x":40.0,"y":130.01007080078126,"z":460.0000305175781},"rotation":{"x":-0.09768355637788773,"y":0.8849033713340759,"z":-0.21543455123901368,"w":-0.40123796463012698},"size":870.8548583984375,"orthographic":false}