{"cameraMode":{"drawMode":0,"name":"Shaded","section":"Shading Mode"},"sceneLighting":true,"audioPlay":false,"sceneViewState":{"showFog":true,"showMaterialUpdate":false,"showSkybox":true,"showFlares":true,"showImageEffects":true,"showParticleSystems":true},"in2DMode":false,"pivot":{"x":0.9737577438354492,"y":-1.1244772672653199,"z":3.9470815658569338},"rotation":{"x":0.15645140409469605,"y":0.7380543351173401,"z":-0.1832071989774704,"w":0.6302649974822998},"size":5.096700668334961,"orthographic":false}